,0
0,"[[  7  47 108 ...   0   0   0]
 [  0  37 102 ...   0   0   0]
 [  0   0   3 ...   0   0   0]
 ...
 [ 38  38  39 ...  59  57  54]
 [ 39  39  39 ...  61  59  58]
 [ 92  92  92 ...  75  73  72]]"
1,"[[ 0 18 81 ...  0  0  0]
 [ 1 24 77 ...  0  0  0]
 [ 0  0  0 ...  0  0  0]
 ...
 [35 36 36 ... 61 60 60]
 [35 35 35 ... 61 61 61]
 [ 0  0  0 ...  1  1  1]]"
2,"[[  1  62 133 ...   0   0   0]
 [  4  51 110 ...   0   0   0]
 [  0   0   0 ...   0   0   0]
 ...
 [ 35  36  37 ...  60  61  55]
 [ 40  41  41 ...  65  64  64]
 [  0   0   0 ...   0   0   0]]"
3,"[[ 11  75 135 ...   0   0   0]
 [ 12  73 131 ...   0   0   0]
 [  2   0   0 ...   0   0   0]
 ...
 [170 173 178 ... 137 116  93]
 [170 172 175 ... 147 133 122]
 [  0   0   0 ...   2   0   0]]"
4,"[[ 23  81 136 ...   0   0   0]
 [ 17 103 162 ...   0   0   0]
 [  2   7   0 ...   0   0   0]
 ...
 [167 172 178 ...  34  14   6]
 [170 180 182 ...  48  26  12]
 [208 229 235 ...   2   1   0]]"
5,"[[ 61 115 158 ...  17   0   0]
 [ 74 119 159 ...  17   3   1]
 [  2   0   0 ...   1   0   0]
 ...
 [ 12  14  15 ...  26  26  26]
 [ 14  15  16 ...  26  25  25]
 [ 14  15  16 ...  28  27  27]]"
6,"[[ 78 129 168 ...   0   0   0]
 [102 148 188 ...   0   0   0]
 [  0   0   1 ...   0   0   0]
 ...
 [ 20  22  23 ...  37  38  37]
 [ 21  20  23 ...  35  32  32]
 [ 21  20  23 ...  37  35  35]]"
7,"[[ 61 108 153 ...   0   0   0]
 [ 80 120 161 ...   0   0   0]
 [  1   6   0 ...   0   0   0]
 ...
 [  7   9  14 ...  16  16  17]
 [  3  11  17 ...  16  15  20]
 [  5  11  16 ...  17  16  20]]"
8,"[[ 62 106 154 ...   0   0   0]
 [ 81 117 151 ...   0   0   0]
 [  2   4   0 ...   0   0   0]
 ...
 [  4  10  19 ...  14  17  19]
 [  4  10  24 ...  12  17  17]
 [  3   9  22 ...  12  17  17]]"
9,"[[ 63 104 147 ...   0   0   0]
 [ 77 117 162 ...   0   0   0]
 [  0   6   2 ...   0   0   0]
 ...
 [  9  12  17 ...  15  17  18]
 [  6   8  20 ...  14  17  18]
 [  8   9  19 ...  16  17  18]]"
10,"[[  6  57 124 ...   0   0   0]
 [  0  62 121 ...   0   0   0]
 [  0   3   8 ...   0   0   0]
 ...
 [ 23  22  22 ... 230 233 234]
 [ 21  23  21 ... 227 231 236]
 [ 21  23  22 ... 230 233 237]]"
11,"[[ 11  66 130 ...   0   0   0]
 [  5  60 127 ...   0   0   0]
 [  0   0   0 ...   0   0   0]
 ...
 [ 19  20  21 ... 236 246 251]
 [ 21  24  23 ... 243 248 248]
 [ 17  20  20 ... 237 247 250]]"
12,"[[  8  63 123 ...   0   0   0]
 [  0  46  97 ...   0   0   0]
 [  0   4   1 ...   0   0   0]
 ...
 [ 21  22  22 ... 247 250 243]
 [ 19  23  23 ... 252 251 242]
 [ 20  24  23 ... 246 250 243]]"
13,"[[ 24  83 137 ...   0   0   0]
 [ 29  86 146 ...   0   1   1]
 [  2   1   3 ...   0   1   1]
 ...
 [ 20  21  21 ... 222 231 237]
 [ 20  21  21 ... 234 230 224]
 [ 21  21  21 ... 222 231 237]]"
14,"[[255 240 191 ...   0   0   0]
 [116 160 200 ...   0   0   0]
 [  0   0   0 ...   0   0   0]
 ...
 [ 31  30  32 ...  89  80  64]
 [ 30  29  29 ...  74  76  67]
 [ 31  30  32 ...  89  80  64]]"
15,"[[246 211 162 ...   0   0   0]
 [110 157 199 ...   0   0   0]
 [  0   0   0 ...   0   0   0]
 ...
 [ 34  34  31 ...  87  77  60]
 [ 34  38  37 ...  80  92  78]
 [ 34  34  31 ...  87  77  60]]"
16,"[[  0   0   0 ...   0   0   0]
 [105 156 206 ...   0   0   0]
 [  0   0   0 ...   0   0   0]
 ...
 [ 26  27  30 ...  80  70  54]
 [ 29  29  30 ...  75  71  62]
 [ 26  27  30 ...  80  70  54]]"
17,"[[ 80 128 162 ...   0   0   0]
 [ 84 126 161 ...   0   0   0]
 [  0   0   0 ...   0   0   0]
 ...
 [  8  10  10 ...  17  17  18]
 [  9   6  12 ...  19  16  18]
 [  8  10  10 ...  17  17  18]]"
18,"[[ 81 120 156 ...   0   0   0]
 [ 94 131 161 ...   0   0   0]
 [  0   1   0 ...   0   0   0]
 ...
 [  6   7   9 ...  17  18  19]
 [ 11  12  13 ...  19  20  19]
 [  7   8  10 ...  17  19  18]]"
19,"[[ 75 114 150 ...   0   0   0]
 [ 78 120 165 ...   0   0   0]
 [  0   3   0 ...   0   0   0]
 ...
 [ 11  10  10 ...  17  18  16]
 [ 11  11  11 ...  20  21  16]
 [ 11  10  11 ...  18  19  14]]"
20,"[[ 92 134 175 ...  87  52  26]
 [ 84 129 173 ...  76  40  18]
 [  1   5   0 ...   0   3   3]
 ...
 [ 37  39  38 ...  54  53  51]
 [ 42  39  42 ...  56  53  57]
 [ 39  37  40 ...  54  51  54]]"
21,"[[ 93 135 179 ... 141 107  66]
 [ 98 141 185 ... 118  80  52]
 [  1   3   0 ...   0   1   3]
 ...
 [ 39  37  40 ...  56  54  54]
 [ 40  40  38 ...  52  53  53]
 [ 39  39  38 ...  53  55  55]]"
22,"[[ 76 125 164 ...   0   0   2]
 [ 80 120 164 ...   1   0   0]
 [  1   1   3 ...   0   1   1]
 ...
 [ 42  41  42 ...  54  54  54]
 [ 42  39  37 ...  52  53  54]
 [ 44  42  41 ...  52  52  54]]"
23,"[[ 50 105 149 ...   0   0   0]
 [ 42  98 145 ...   0   0   0]
 [  0   5   0 ...   0   0   0]
 ...
 [  4   4   4 ...  13  13  13]
 [  3   3   3 ...  13  14  15]
 [  3   3   3 ...  12  13  14]]"
24,"[[ 34  80 125 ...  83  46  21]
 [ 46  96 141 ...  76  45  29]
 [  0   3   0 ...   0   0   0]
 ...
 [  4   5   7 ...  13  14  14]
 [  7   6   6 ...  13  12  15]
 [  7   6   6 ...  13  12  15]]"
25,"[[ 43  94 138 ...  60  11   0]
 [ 45  99 146 ...  48  12   2]
 [  0   6   0 ...   0   0   0]
 ...
 [  8   8   8 ...  15  16  16]
 [  8   7   7 ...  16  15  13]
 [  9   8   8 ...  16  15  14]]"
26,"[[ 65  65  66 ...  95 102  94]
 [ 65  66  66 ... 100 105 100]
 [ 65  66  67 ... 104 108 106]
 ...
 [  6   7   8 ...  76  84  97]
 [ 10  13  13 ...  76  83  97]
 [  1   1   6 ...  73  73  71]]"
27,"[[ 62 105 121 ...   0   0   0]
 [ 54 107 150 ...   0   0   0]
 [  0   1   6 ...   0   0   1]
 ...
 [  0   0   1 ...   0   0   1]
 [  0   0   0 ...   1   1   1]
 [  0   0   0 ...   1   1   1]]"
28,"[[ 82 125 152 ...   0   0   0]
 [ 69 117 161 ...   0   0   0]
 [  0   0   0 ...   0   0   0]
 ...
 [  0   0   0 ...   1   1   1]
 [  0   0   0 ...   0   1   1]
 [  0   0   0 ...   0   1   1]]"
29,"[[ 60 104 145 ...   0   0   0]
 [ 70 118 161 ...   0   0   0]
 [  0   5   0 ...   0   0   0]
 ...
 [  1   0   0 ...   1   1   1]
 [  0   0   1 ...   2   1   0]
 [  0   0   1 ...   2   1   0]]"
30,"[[ 76 127 165 ...   0   0   0]
 [ 89 135 171 ...   0   0   0]
 [  0   0   0 ...   0   0   0]
 ...
 [  4   4   4 ...   4   6   6]
 [  1   1   3 ...   8   6   8]
 [  4   4   4 ...   4   6   6]]"
31,"[[ 71 119 158 ...   0   0   0]
 [ 93 131 164 ...   0   0   0]
 [  0   0   0 ...   0   0   0]
 ...
 [  2   6   6 ...   6   6   6]
 [  3   3   1 ...   4   8   8]
 [  2   6   6 ...   6   6   6]]"
32,"[[ 76 126 145 ...   0   0   0]
 [ 80 126 161 ...   0   0   0]
 [  0   0   4 ...   0   0   0]
 ...
 [  7   7   7 ...   7   7   8]
 [  3   4   4 ...   5   5   6]
 [  5   6   6 ...   6   6   7]]"
33,"[[ 46  97 143 ...  19   2   0]
 [ 44  96 141 ...  22   5   0]
 [  0   2   0 ...   0   1   1]
 ...
 [  1   1   2 ...  14  14  15]
 [  1   0   0 ...  16  17  17]
 [  2   0   0 ...  14  15  16]]"
34,"[[ 29  82 129 ...   2   0   2]
 [ 29  82 128 ...   0   0   0]
 [  0   2   0 ...   0   3   1]
 ...
 [  3   0   0 ...  13  14  14]
 [  0   2  17 ...  16  16  16]
 [  0   0   0 ...  15  15  15]]"
35,"[[ 69  65  70 ... 103 111 107]
 [ 67  67  71 ... 106 115 116]
 [ 66  70  73 ... 109 119 125]
 ...
 [  1   1   1 ... 248 251 252]
 [  2   2   2 ... 251 252 252]
 [  1   1   1 ... 238 220 198]]"
36,"[[ 59 108 153 ...  34  13   1]
 [ 79 125 165 ...  25  10   3]
 [  1   5   0 ...   2   0   0]
 ...
 [ 13  16  20 ...  27  27  28]
 [ 10  12  15 ...  30  30  33]
 [ 13  16  19 ...  29  29  31]]"
37,"[[ 64 109 152 ...   0   0   0]
 [ 77 122 162 ...   0   0   0]
 [  3   5   0 ...   0   0   0]
 ...
 [ 20  20  21 ...  26  27  28]
 [ 18  19  22 ...  27  27  27]
 [ 19  19  22 ...  27  27  28]]"
38,"[[ 78 121 161 ...   0   0   0]
 [ 83 129 169 ...   0   0   0]
 [  0   3   0 ...   0   0   0]
 ...
 [ 24  25  25 ...  29  31  32]
 [ 24  24  23 ...  27  24  23]
 [ 24  24  23 ...  30  30  30]]"
39,"[[ 66 110 151 ...   0   0   0]
 [ 77 120 159 ...   0   0   0]
 [  0   2   0 ...   0   0   0]
 ...
 [ 20  21  22 ...  34  34  35]
 [ 19  21  23 ...  33  34  32]
 [ 19  21  23 ...  33  35  33]]"
40,"[[ 72 113 157 ...   0   0   0]
 [ 86 134 177 ...   0   0   0]
 [  0   6   0 ...   0   0   0]
 ...
 [  9  11  13 ...  92 108 121]
 [ 11  12  11 ...  86  93 105]
 [  9  11  12 ...  95 106 121]]"
41,"[[ 80 123 164 ...   0   0   0]
 [ 85 127 170 ...   0   0   0]
 [  0   5   0 ...   0   0   0]
 ...
 [ 11  11  12 ...  99 111 126]
 [  7   8  10 ...  91  98 103]
 [  9   9  11 ...  93 113 127]]"
42,"[[ 99 136 173 ...   0   0   0]
 [107 130 158 ...   0   0   0]
 [  0   2   0 ...   0   0   0]
 ...
 [ 55  55  57 ...   2   1   1]
 [ 65  65  64 ...   4   5   6]
 [ 58  59  59 ...   1   2   2]]"
43,"[[113 147 176 ...   0   0   0]
 [ 91 127 167 ...   0   0   0]
 [  0   0   2 ...   0   0   0]
 ...
 [ 59  61  64 ...   1   1   2]
 [ 55  57  63 ...   4   4   4]
 [ 59  60  63 ...   2   2   2]]"
44,"[[ 81 126 171 ...  34  16   2]
 [110 147 186 ...  25  11   0]
 [  0   1   0 ...   0   2   1]
 ...
 [ 59  61  64 ...   5   4   4]
 [ 54  54  56 ...   5   5   4]
 [ 59  58  60 ...   5   4   4]]"
45,"[[ 87 137 185 ...   0   0   0]
 [ 98 138 173 ...   0   0   0]
 [  0   0   0 ...   0   0   0]
 ...
 [ 59  61  61 ...   2   2   2]
 [ 58  59  61 ...   3   1   1]
 [ 59  61  61 ...   2   2   2]]"
46,"[[ 51 103 147 ...   0   0   0]
 [ 38  88 133 ...   0   0   0]
 [  0   3   0 ...   0   0   0]
 ...
 [ 30  30  30 ...  56  56  53]
 [ 31  32  32 ...  60  60  58]
 [ 31  31  32 ...  56  55  53]]"
47,"[[252 209 159 ...   0   0   0]
 [ 92 145 173 ...   0   0   0]
 [  0   0   0 ...   0   0   0]
 ...
 [ 33  30  32 ...  35  35  37]
 [ 34  33  34 ...  37  34  37]
 [ 33  30  32 ...  35  35  37]]"
48,"[[ 83 132 175 ...   0   0   2]
 [ 84 129 181 ...   2   2   0]
 [  4   0   2 ...   1   3   0]
 ...
 [ 33  35  38 ...  34  34  33]
 [ 32  33  36 ...  35  36  38]
 [ 33  34  39 ...  33  34  36]]"
49,"[[  0   0   0 ...   0   0   0]
 [ 82 131 179 ...   0   0   0]
 [  0   0   0 ...   0   0   0]
 ...
 [ 29  31  31 ...  36  39  43]
 [ 33  34  33 ...  36  38  40]
 [ 29  31  31 ...  36  39  43]]"
50,"[[ 68 116 140 ...  37  13   0]
 [ 81 123 165 ...  22   8   2]
 [  0   0   2 ...   0   0   0]
 ...
 [ 35  30  28 ... 124 137 134]
 [ 36  32  33 ... 124 144 141]
 [ 31  28  32 ... 120 140 135]]"
51,"[[ 51 105 153 ...  85  48  24]
 [ 57 118 174 ...  77  33   9]
 [  0   1   0 ...   2   0   0]
 ...
 [ 58  56  53 ... 158 182 194]
 [ 62  57  56 ... 160 170 177]
 [ 61  56  54 ... 161 183 193]]"
52,"[[ 80 128 135 ...   0   0   0]
 [ 79 119 149 ...   0   0   0]
 [  1   3   3 ...   0   0   0]
 ...
 [ 27  24  28 ... 132 138 140]
 [ 34  28  33 ... 126 128 122]
 [ 30  24  28 ... 131 141 139]]"
53,"[[ 69  72  78 ... 107 116 106]
 [ 69  71  76 ... 107 114 111]
 [ 69  70  74 ... 106 111 115]
 ...
 [  2   4   4 ... 103 107 121]
 [  1   1   1 ... 105 106 119]
 [  1   1   1 ... 101 101  96]]"
54,"[[ 72 122 159 ...   0   0   0]
 [ 72 111 150 ...   0   0   0]
 [  0   0   0 ...   0   0   0]
 ...
 [  2   2   3 ...   9  10  10]
 [  3   2   2 ...   8   8   7]
 [  3   2   2 ...   9  10   9]]"
55,"[[ 63 105 150 ...  96  60  35]
 [ 52 104 155 ...  91  56  34]
 [  0   5   0 ...   0   0   0]
 ...
 [  1   3   3 ...   8   7   7]
 [  0   2   0 ...  10  11  11]
 [  0   4   2 ...   8   9   9]]"
56,"[[ 75 128 169 ...   0   0   0]
 [ 67 121 165 ...   0   0   0]
 [  0   6   0 ...   0   0   0]
 ...
 [  0   0   0 ...  10   9   8]
 [  2   3   3 ...  10   9   9]
 [  0   1   1 ...  10   9   8]]"
57,"[[ 46 103 150 ...   0   0   0]
 [ 48 101 147 ...   0   0   0]
 [  4   6   0 ...   0   0   0]
 ...
 [ 70  72  76 ...  30   8   0]
 [ 72  72  74 ...  39  17   2]
 [ 71  72  74 ...  34  11   0]]"
58,"[[ 54 101 142 ...   6   0   1]
 [ 40  99 151 ...  10   1   0]
 [  0   5   2 ...   0   0   0]
 ...
 [ 55  56  57 ...  62  36  11]
 [ 56  57  59 ...  60  31   6]
 [ 55  55  57 ...  61  33   9]]"
59,"[[ 42  88 131 ...  50  24  10]
 [ 49  98 144 ...  39  14   0]
 [  0   2   0 ...   0   0   0]
 ...
 [ 64  67  70 ...  81  79  73]
 [ 63  66  71 ...  81  78  75]
 [ 63  66  71 ...  81  78  75]]"
60,"[[ 55 104 150 ...   0   0   0]
 [ 72 122 165 ...   0   0   0]
 [  0   3   0 ...   0   0   0]
 ...
 [ 90  91  95 ... 142 142 140]
 [ 87  88  90 ... 140 139 139]
 [ 89  89  91 ... 141 140 139]]"
61,"[[ 55  99 140 ...   0   0   0]
 [ 78 123 168 ...   0   0   0]
 [  0   2   0 ...   0   0   0]
 ...
 [ 97 100 104 ... 151 156 154]
 [ 98 103 105 ... 144 146 146]
 [ 98 103 105 ... 151 153 153]]"
62,"[[ 67 253 251 ...   2   1   1]
 [ 68 253 251 ...   2   1   1]
 [ 67 253 251 ...   2   1   1]
 ...
 [ 64 253 229 ...   2   0   0]
 [ 64 253 229 ...   2   0   0]
 [ 64 253 229 ...   2   0   0]]"
63,"[[ 67 253 250 ...   4   1   1]
 [ 67 253 250 ...   4   1   1]
 [ 67 253 250 ...   4   1   1]
 ...
 [ 63 253 222 ...   2   0   0]
 [ 63 253 224 ...   2   0   0]
 [ 63 253 222 ...   2   0   0]]"
64,"[[ 57 113 155 ...   0   0   0]
 [ 57 106 141 ...   0   0   0]
 [  0   0   0 ...   0   0   0]
 ...
 [ 35  26  15 ...  65  73  65]
 [ 28  20  15 ...  69  74  66]
 [ 35  26  15 ...  65  73  65]]"
65,"[[ 66 117 151 ...   0   0   0]
 [ 59 107 150 ...   0   0   0]
 [  0   1   3 ...   0   0   0]
 ...
 [ 32  22  16 ...  61  65  61]
 [ 31  23  14 ...  63  65  63]
 [ 32  24  14 ...  63  65  63]]"
66,"[[ 74 125 162 ...   0   0   0]
 [ 80 134 166 ...   0   0   0]
 [  0   0   0 ...   0   0   0]
 ...
 [  2   4   6 ...  16  16  16]
 [  4   6   6 ...  13  12  12]
 [  2   4   6 ...  16  16  16]]"
67,"[[ 72 122 160 ...   0   0   0]
 [ 80 129 163 ...   0   0   0]
 [  0   0   0 ...   0   0   0]
 ...
 [  7   7  11 ...  17  17  17]
 [  7   8   8 ...  20  17  17]
 [  7   7  11 ...  17  17  17]]"
68,"[[ 82 123 163 ...   0   0   0]
 [ 65 110 151 ...   0   0   0]
 [  0   5   0 ...   0   0   0]
 ...
 [  5   6   8 ...  19  19  19]
 [  8   8   9 ...  17  19  15]
 [  7   7   8 ...  19  21  17]]"
69,"[[ 84 116 150 ... 119  89  67]
 [ 92 128 161 ... 115  82  57]
 [ 44  47  43 ...  46  46  51]
 ...
 [110 108 106 ... 155 158 158]
 [112 108 106 ... 156 158 156]
 [110 107 105 ... 156 159 157]]"
70,"[[ 78 114 142 ...  45  47  46]
 [ 92 124 153 ...  46  45  46]
 [ 51  50  45 ...  47  46  45]
 ...
 [111 108 109 ... 161 162 156]
 [111 109 107 ... 155 162 160]
 [111 108 109 ... 161 162 156]]"
71,"[[ 39  88 120 ...   0   0   0]
 [ 40  94 140 ...   0   0   0]
 [  0   1   2 ...   0   0   0]
 ...
 [ 70  67  65 ... 142 143 142]
 [ 75  71  68 ... 139 140 140]
 [ 71  68  65 ... 141 141 141]]"
72,"[[ 31  79 124 ...  88  41   3]
 [ 56 105 145 ...  68  30   0]
 [  0   3   0 ...   0   2   4]
 ...
 [ 77  71  68 ... 141 143 142]
 [ 78  72  68 ... 140 141 143]
 [ 76  71  68 ... 141 142 144]]"
73,"[[ 69 112 147 ...   0   0   0]
 [ 87 134 181 ...   0   0   0]
 [  0   0   3 ...   0   0   0]
 ...
 [ 19  21  22 ...  51  52  53]
 [ 21  22  27 ...  51  50  47]
 [ 20  20  24 ...  53  52  50]]"
74,"[[ 79 126 159 ...   0   0   0]
 [ 83 136 187 ...   0   0   0]
 [  0   0   3 ...   0   0   0]
 ...
 [ 19  20  20 ...  51  51  52]
 [ 26  21  18 ...  53  49  55]
 [ 20  19  19 ...  52  49  55]]"
75,"[[ 66 104 146 ...   9   0   2]
 [ 67 113 156 ...   4   0   1]
 [  3   6   0 ...   0   1   0]
 ...
 [ 13  13  13 ... 153 148 142]
 [ 12  11  12 ... 155 147 142]
 [ 12  12  13 ... 152 147 142]]"
76,"[[ 84 126 161 ...   8   0   1]
 [ 75 120 160 ...  10   1   5]
 [  0   1   0 ...   0   0   0]
 ...
 [ 10  12  14 ... 164 169 173]
 [ 11  10  15 ... 152 156 153]
 [ 11  10  15 ... 162 169 168]]"
77,"[[ 76 125 165 ...  43  22   9]
 [ 75 118 155 ...  39  21   8]
 [  0   0   0 ...   0   0   0]
 ...
 [ 13  13  13 ... 166 169 173]
 [ 11  12  12 ... 165 173 173]
 [ 13  13  13 ... 166 169 173]]"
78,"[[ 72 116 146 ...  33  22   7]
 [ 78 120 160 ...  28  15   2]
 [  0   0   0 ...   0   0   0]
 ...
 [ 10   9  10 ... 160 162 162]
 [ 14  13  10 ... 147 152 153]
 [ 10   9  10 ... 160 162 162]]"
79,"[[ 92 127 146 ...   0   0   0]
 [ 77 131 165 ...   0   0   0]
 [  0   0   0 ...   0   0   0]
 ...
 [  8   0   0 ...  41  28  26]
 [  6   0   0 ...  84  46  26]
 [  8   0   0 ...  41  28  26]]"
80,"[[ 81 119 160 ...   0   0   0]
 [ 86 126 163 ...   0   0   0]
 [  0   2   0 ...   0   0   0]
 ...
 [  0   0   0 ... 159 124 100]
 [  1   0   3 ... 186 156 119]
 [  0   0   2 ... 163 131  94]]"
81,"[[ 78 123 171 ...   0   0   0]
 [ 74 122 166 ...   0   0   0]
 [  0   2   0 ...   0   0   0]
 ...
 [ 11   6   0 ...  31  32  34]
 [  4   0   0 ...  24  26  25]
 [ 12   7   2 ...  27  34  36]]"
82,"[[ 78 118 161 ...   0   0   0]
 [ 79 117 162 ...   0   0   0]
 [  1   3   0 ...   0   0   0]
 ...
 [  6   6   6 ...  28  27  24]
 [  7   9   8 ...  26  26  27]
 [  6   8   8 ...  30  25  23]]"
83,"[[ 89  84  84 ... 124 135 128]
 [ 85  86  86 ... 129 139 138]
 [ 81  87  90 ... 134 143 149]
 ...
 [  5   4   3 ... 249 252 252]
 [  5   3   3 ... 250 251 251]
 [  2   1   1 ... 215 221 238]]"
84,"[[ 16  88 153 ...   0   0   0]
 [  2  53 120 ...   0   0   0]
 [  0   0   1 ...   0   0   0]
 ...
 [ 90  90  90 ...  38  37  37]
 [ 84  87  88 ...  44  40  37]
 [112 114 116 ... 126 125 122]]"
85,"[[ 13  59 106 ...   0   0   0]
 [  0  45 100 ...   0   0   0]
 [  0   2   0 ...   0   0   0]
 ...
 [ 84  87  89 ...  44  42  42]
 [ 85  85  86 ...  54  51  50]
 [  0   0   0 ...   1   1   1]]"
86,"[[ 33  79 143 ...   0   0   0]
 [ 20  72 132 ...   0   0   0]
 [  0   1   0 ...   0   0   0]
 ...
 [ 88  89  90 ...  42  39  37]
 [ 84  84  85 ...  47  44  42]
 [ 83  82  83 ...  54  54  55]]"
87,"[[  6  58 119 ...   0   0   0]
 [  2  44  99 ...   0   0   0]
 [  0   0   2 ...   0   0   0]
 ...
 [ 86  86  87 ...  44  41  40]
 [ 86  86  86 ...  53  50  48]
 [  0   0   0 ...   0   0   0]]"
88,"[[ 59 111 155 ...   0   0   0]
 [ 71 121 168 ...   0   0   0]
 [  0   0   0 ...   0   0   0]
 ...
 [ 53  49  49 ...  92  95  95]
 [ 56  53  49 ...  94  92  90]
 [ 53  49  49 ...  92  95  95]]"
89,"[[ 71 122 162 ...   0   0   0]
 [ 63 125 177 ...   0   0   0]
 [  0   0   0 ...   0   0   0]
 ...
 [ 53  48  43 ...  90  93  92]
 [ 55  55  49 ...  89  89  89]
 [ 53  48  43 ...  90  93  92]]"
90,"[[ 63 111 158 ... 137  91  66]
 [ 71 118 163 ... 117  75  54]
 [  1   4   0 ...   0   2   1]
 ...
 [ 56  53  49 ...  93  96  97]
 [ 54  50  48 ...  89  91  94]
 [ 56  53  49 ...  92  95  98]]"
91,"[[ 96 135 167 ...   0   0   0]
 [ 65 111 153 ...   0   0   0]
 [  0   3   0 ...   0   0   0]
 ...
 [ 16  16  16 ...  34  30  27]
 [ 13  13  14 ...  31  29  23]
 [ 14  13  14 ...  32  32  27]]"
92,"[[ 90 125 145 ...  80  43  27]
 [ 72 119 156 ...  91  54  31]
 [  0   0   0 ...   0   0   0]
 ...
 [ 11  11  13 ...  35  32  30]
 [ 10  13  12 ...  32  32  32]
 [ 11  11  13 ...  35  32  30]]"
93,"[[ 72 122 149 ...   0   0   0]
 [ 75 125 164 ...   0   0   0]
 [  0   0   0 ...   0   0   0]
 ...
 [ 14  14  13 ...  35  35  31]
 [ 13  12  13 ...  35  30  30]
 [ 14  14  13 ...  35  35  31]]"
94,"[[ 23  84 143 ...   0   0   0]
 [ 22  90 158 ...   0   0   0]
 [  0   5   1 ...   0   0   0]
 ...
 [ 47  49  48 ...  62  60  60]
 [ 39  41  40 ...  57  58  55]
 [ 62  64  64 ...  68  68  64]]"
95,"[[ 32  91 146 ...   0   0   0]
 [ 13  68 123 ...   0   0   0]
 [  0   0   0 ...   0   0   0]
 ...
 [ 49  46  46 ...  59  58  58]
 [ 50  49  48 ...  60  61  62]
 [  2   2   2 ...   1   1   0]]"
96,"[[ 13  63 116 ...   0   0   0]
 [  3  56 113 ...   0   0   0]
 [  0   1   0 ...   0   0   0]
 ...
 [ 47  50  51 ...  58  58  58]
 [ 45  46  47 ...  57  56  55]
 [  0   0   0 ...   1   0   0]]"
97,"[[ 37 110 145 ...   0   0   0]
 [ 37 100 156 ...   0   0   0]
 [  3   0   6 ...   0   0   0]
 ...
 [ 49  49  50 ...  56  55  53]
 [ 52  47  54 ...  56  63  62]
 [ 81  79  90 ...  90  92  87]]"
98,"[[ 91 130 173 ...   0   0   0]
 [102 148 195 ...   0   1   0]
 [  0   3   0 ...   1   1   0]
 ...
 [220 212 209 ...  59  53  48]
 [214 210 211 ...  55  53  52]
 [216 209 209 ...  56  52  50]]"
99,"[[ 79 119 164 ...   0   0   0]
 [ 91 133 175 ...   0   0   0]
 [  2   3   0 ...   0   0   0]
 ...
 [221 219 219 ...  59  59  62]
 [206 210 212 ...  58  59  56]
 [215 218 218 ...  59  61  58]]"
100,"[[ 71 123 157 ...   0   0   0]
 [ 73 118 149 ...   0   0   0]
 [  0   0   0 ...   0   0   0]
 ...
 [ 11  10  11 ...  26  28  28]
 [  8  10  10 ...  24  26  26]
 [ 11  10  11 ...  26  28  28]]"
101,"[[ 57 102 148 ...   0   0   0]
 [ 66 100 133 ...   2   0   0]
 [  0   3   0 ...   0   0   1]
 ...
 [  9   9   9 ...  23  23  24]
 [  6  10   8 ...  25  25  26]
 [  6  10   8 ...  24  24  25]]"
102,"[[ 56 111 165 ... 126  84  53]
 [ 78 118 154 ... 109  62  34]
 [  0   1   0 ...   0   0   0]
 ...
 [  8   8   8 ...  29  29  30]
 [ 12  12  12 ...  29  27  24]
 [  8   8   8 ...  30  28  26]]"
103,"[[ 64 111 146 ...   0   0   0]
 [ 65 114 150 ...   0   0   0]
 [  0   0   0 ...   0   0   0]
 ...
 [ 18  18  19 ...  46  42  41]
 [ 17  16  18 ...  45  44  41]
 [ 18  18  19 ...  46  42  41]]"
104,"[[ 65 105 148 ...   0   0   3]
 [ 72 113 158 ...   1   0   0]
 [  0   5   0 ...   0   0   1]
 ...
 [ 15  17  19 ...  40  40  38]
 [ 12  15  15 ...  44  42  40]
 [ 14  17  17 ...  40  38  36]]"
105,"[[ 60 112 146 ...   0   0   0]
 [ 80 134 180 ...   0   0   0]
 [  0   3   0 ...   0   0   0]
 ...
 [ 16  16  17 ...  42  40  40]
 [ 15  15  16 ...  42  44  38]
 [ 16  16  17 ...  40  44  39]]"
106,"[[ 61 253 231 ...   3   0   0]
 [ 60 253 231 ...   3   0   0]
 [ 61 253 231 ...   3   0   0]
 ...
 [ 62 253 231 ...   3   0   0]
 [ 61 253 230 ...   3   0   0]
 [ 62 253 231 ...   3   0   0]]"
107,"[[ 58 253 230 ...   2   0   0]
 [ 61 253 229 ...   2   0   0]
 [ 61 253 230 ...   2   0   0]
 ...
 [ 61 252 227 ...   3   0   0]
 [ 61 253 227 ...   4   0   0]
 [ 61 253 227 ...   3   0   0]]"
108,"[[ 61 253 231 ...   6   0   0]
 [ 61 253 232 ...   6   0   0]
 [ 61 253 231 ...   6   0   0]
 ...
 [ 61 253 229 ...   3   0   0]
 [ 61 253 229 ...   3   0   0]
 [ 61 253 229 ...   3   0   0]]"
109,"[[ 61 253 230 ...   3   0   0]
 [ 61 253 231 ...   3   0   0]
 [ 62 253 230 ...   3   0   0]
 ...
 [ 62 253 229 ...   4   0   0]
 [ 62 253 229 ...   4   0   0]
 [ 62 253 229 ...   4   0   0]]"
110,"[[ 84 129 173 ...   4   2   0]
 [104 137 174 ...   0   0   0]
 [  0   2   0 ...   2   0   5]
 ...
 [  0   0   0 ...  28  26  27]
 [  0   0   0 ...  27  26  26]
 [  0   0   0 ...  28  27  27]]"
111,"[[ 79 122 166 ...  31  16   5]
 [ 91 138 186 ...  25  13   3]
 [  2   4   0 ...   2   3   1]
 ...
 [  0   0   0 ...  25  25  26]
 [  0   0   0 ...  27  26  26]
 [  0   0   0 ...  27  27  27]]"
112,"[[ 67 108 138 ...  24   1   2]
 [ 73 116 157 ...  14   0   0]
 [  2   0   0 ...   0   0   1]
 ...
 [ 11  12  13 ...  24  24  24]
 [ 11  12  12 ...  23  23  23]
 [ 12  13  13 ...  24  23  23]]"
113,"[[ 61 111 164 ...   1   2   0]
 [ 81 122 171 ...   0   1   0]
 [  2   3   1 ...   0   0   0]
 ...
 [ 11  12  14 ...  24  25  26]
 [ 10  10  12 ...  21  21  23]
 [ 10  10  12 ...  23  23  25]]"
114,"[[ 59 102 130 ...  38   0   0]
 [ 80 132 172 ...  23   4   1]
 [  2   3   0 ...   1   5   0]
 ...
 [ 12  11  11 ...  22  23  23]
 [ 12   8   9 ...  24  23  21]
 [ 13   9  10 ...  24  23  21]]"
115,"[[ 58 115 158 ...  57  30  16]
 [ 64 111 150 ...  64  34  18]
 [  0   2   2 ...   0   0   0]
 ...
 [ 13  14  15 ...  23  23  22]
 [ 15  11  15 ...  24  24  22]
 [ 15  11  15 ...  24  24  22]]"
116,"[[ 71  75  80 ... 119 113  98]
 [ 72  77  80 ... 118 115 104]
 [ 74  78  81 ... 118 117 111]
 ...
 [  1   1   1 ...  78  89  98]
 [  1   1   1 ...  76  90 102]
 [  1   1   1 ...  74  83  72]]"
117,"[[ 79 121 162 ...   0   1   0]
 [101 136 171 ...   0   2   4]
 [  0   1   0 ...   3   0   0]
 ...
 [ 44  44  45 ...  71  66  63]
 [ 41  41  42 ...  67  69  65]
 [ 43  43  44 ...  67  68  64]]"
118,"[[ 80 121 153 ...   0   0   0]
 [106 146 190 ...   0   0   0]
 [  1   0   0 ...   0   0   0]
 ...
 [ 45  45  45 ...  67  64  62]
 [ 44  42  48 ...  70  64  62]
 [ 44  42  48 ...  69  64  62]]"
119,"[[ 83 127 165 ...   0   0   0]
 [ 86 129 158 ...   0   0   0]
 [  0   0   0 ...   0   0   0]
 ...
 [ 45  47  46 ...  75  75  69]
 [ 43  45  45 ...  72  69  71]
 [ 45  47  46 ...  75  75  69]]"
120,"[[ 41  54  76 ... 142 114  95]
 [108 132 161 ... 131 102  81]
 [ 57  53  48 ...  44  46  46]
 ...
 [ 79  79  80 ...  87  87  87]
 [ 79  80  80 ...  84  84  85]
 [ 79  80  80 ...  86  86  86]]"
121,"[[  0   2  20 ... 114  64  28]
 [ 59 107 152 ...  79  34   1]
 [  0   4   0 ...   0   0   0]
 ...
 [ 20  20  21 ...  30  29  28]
 [ 22  22  22 ...  27  27  26]
 [ 22  21  22 ...  28  28  27]]"
122,"[[  0   3  43 ...   0   0   0]
 [ 50  84 138 ...   0   0   0]
 [  0   0   0 ...   0   0   0]
 ...
 [ 19  21  23 ...  29  29  30]
 [ 25  26  27 ...  33  33  33]
 [ 20  21  23 ...  31  31  31]]"
123,"[[ 41  91 137 ...   0   0   0]
 [ 46  95 139 ...   0   0   0]
 [  0   5   0 ...   0   0   0]
 ...
 [ 59  48  47 ... 143 115  81]
 [ 71  54  51 ... 138 113  80]
 [ 63  48  46 ... 141 116  84]]"
124,"[[ 41  93 137 ...   0   0   0]
 [ 43  97 143 ...   0   0   0]
 [  0   0   0 ...   0   0   0]
 ...
 [ 66  66  66 ... 142 122 102]
 [ 66  66  68 ... 141 121  98]
 [ 66  66  66 ... 142 122 102]]"
125,"[[ 49  93 142 ...   0   0   0]
 [ 46  95 146 ...   0   0   0]
 [  1   2   0 ...   0   0   0]
 ...
 [ 61  53  48 ... 137 123  98]
 [ 65  51  50 ... 139 116  97]
 [ 63  49  50 ... 141 120  95]]"
126,"[[ 73 124 176 ...  95  57  25]
 [ 83 133 182 ...  70  35  10]
 [  2   5   0 ...   0   0   0]
 ...
 [ 70  69  69 ...  62  62  64]
 [ 68  67  63 ...  66  66  66]
 [ 71  71  66 ...  63  62  63]]"
127,"[[ 22  85 141 ...   0   0   0]
 [  0  72 134 ...   0   0   0]
 [  0   0   0 ...   0   0   0]
 ...
 [ 61  61  60 ...  67  65  63]
 [ 58  56  55 ...  69  69  69]
 [  0   0   0 ...   0   0   0]]"
128,"[[  8  51 104 ...   0   0   0]
 [  0  36  88 ...   0   0   0]
 [  2   0   0 ...   0   0   0]
 ...
 [ 57  57  57 ...  67  66  65]
 [ 55  56  57 ...  62  62  63]
 [  0   0   0 ...   0   0   0]]"
129,"[[  0  53 108 ...   1   1   1]
 [ 13  57 107 ...   4   3   2]
 [  6   3   0 ...   0   0   0]
 ...
 [ 55  55  56 ...  64  64  63]
 [ 53  50  53 ...  63  63  63]
 [ 31  29  33 ...   1   0   0]]"
130,"[[ 71  72  77 ... 107 109 102]
 [ 70  75  79 ... 110 111 104]
 [ 69  77  80 ... 114 113 106]
 ...
 [ 10   8  13 ... 128 147 172]
 [ 11   9  14 ... 126 145 165]
 [ 22  21  25 ... 133 135 111]]"
131,"[[ 66 113 153 ...  19   0   0]
 [ 72 117 144 ...   1   0   0]
 [  0   0   0 ...   0   0   0]
 ...
 [ 17  17  20 ...  32  33  28]
 [ 16  15  16 ...  32  32  29]
 [ 17  17  20 ...  32  33  28]]"
132,"[[ 74 119 144 ...   0   0   0]
 [ 83 131 167 ...   0   0   0]
 [  0   1   0 ...   0   0   0]
 ...
 [ 13  14  15 ...  32  33  32]
 [ 14  17  15 ...  29  29  30]
 [ 13  16  14 ...  31  31  32]]"
133,"[[ 66 119 162 ...   0   0   0]
 [ 85 134 182 ...   0   0   0]
 [  0   0   0 ...   0   0   0]
 ...
 [ 16  15  16 ...  32  33  33]
 [ 16  17  16 ...  31  30  28]
 [ 16  15  16 ...  32  33  33]]"
134,"[[ 0 27 96 ...  0  0  0]
 [ 0 17 74 ...  0  0  0]
 [ 4  0  0 ...  0  0  0]
 ...
 [74 74 73 ... 68 68 68]
 [72 72 73 ... 68 67 67]
 [74 73 73 ... 68 67 67]]"
135,"[[  0  59 140 ...   0   0   0]
 [  2  24  91 ...   0   0   0]
 [  2   2   0 ...   0   0   0]
 ...
 [ 69  69  70 ...  63  63  63]
 [ 70  70  71 ...  67  69  66]
 [ 69  70  71 ...  62  64  61]]"
136,"[[  1  37 109 ...   0   0   0]
 [  1  40 102 ...   0   0   0]
 [  1   0   0 ...   0   0   0]
 ...
 [ 71  73  74 ...  62  62  61]
 [ 74  77  77 ...  71  70  68]
 [ 71  73  73 ...  65  64  62]]"
137,"[[ 75 123 160 ...   0   0   2]
 [ 82 130 178 ...   1   1   0]
 [  3   2   2 ...   0   2   0]
 ...
 [ 32  29  28 ...  48  50  53]
 [ 31  33  35 ...  46  46  47]
 [ 32  31  32 ...  48  49  50]]"
138,"[[249 212 152 ...   0   1   0]
 [ 83 126 173 ...  54  25  11]
 [  1   6   0 ...   0   0   0]
 ...
 [ 32  30  29 ...  45  45  44]
 [ 33  32  31 ...  46  46  45]
 [ 31  30  29 ...  45  45  44]]"
139,"[[  0   4   0 ...   0   0   1]
 [ 83 129 174 ...  51  17   0]
 [  2   7   0 ...   2   0   0]
 ...
 [ 31  33  34 ...  47  47  43]
 [ 27  29  35 ...  40  42  40]
 [ 30  31  35 ...  46  46  44]]"
140,"[[ 39  96 141 ...   0   0   0]
 [ 27 105 154 ...   0   0   0]
 [  3   3   0 ...   0   0   0]
 ...
 [ 54  55  57 ... 255 255 255]
 [ 58  57  61 ... 255 255 255]
 [ 55  54  57 ... 255 255 255]]"
141,"[[ 11  80 144 ...   0   0   0]
 [ 13  66 116 ...   0   0   0]
 [  4   3   0 ...   0   0   0]
 ...
 [ 52  52  52 ... 255 255 255]
 [ 53  54  56 ... 255 255 255]
 [ 51  52  53 ... 255 255 255]]"
142,"[[ 27  91 148 ...   0   0   0]
 [ 11  78 138 ...   0   0   0]
 [  0   0   0 ...   0   0   0]
 ...
 [ 50  50  49 ... 255 255 255]
 [ 56  57  57 ... 255 255 255]
 [ 50  51  51 ... 255 255 255]]"
143,"[[ 16  69 129 ...   0   0   0]
 [  6  76 142 ...   0   0   0]
 [  0   4   2 ...   0   0   0]
 ...
 [ 62  62  62 ... 255 255 255]
 [ 58  57  57 ... 255 255 255]
 [ 61  61  62 ... 255 255 255]]"
144,"[[ 28  94 155 ...   0   0   0]
 [ 19  73 131 ...   0   0   0]
 [  0   2   0 ...   0   0   0]
 ...
 [ 45  46  47 ... 255 255 255]
 [ 47  50  49 ... 255 255 255]
 [ 45  48  47 ... 255 255 255]]"
145,"[[242 255 255 ...   0   0   0]
 [111 153 196 ...   0   0   0]
 [  0   0   0 ...   0   0   0]
 ...
 [178 174 164 ... 165 164 167]
 [166 162 157 ... 177 188 197]
 [178 174 164 ... 165 164 167]]"
146,"[[101 141 184 ...   0   0   0]
 [ 91 137 187 ...   0   0   0]
 [  2   2   0 ...   0   0   0]
 ...
 [171 171 169 ... 183 192 199]
 [170 167 164 ... 190 195 201]
 [170 168 165 ... 184 189 197]]"
147,"[[  0   1   0 ...   0   0   0]
 [105 151 199 ...   0   0   0]
 [  0   0   0 ...   0   0   0]
 ...
 [165 159 154 ... 203 185 168]
 [159 156 153 ... 186 173 165]
 [161 157 153 ... 196 180 170]]"
148,"[[106 150 190 ...   0   0   0]
 [ 93 142 190 ...   0   0   0]
 [  0   2   0 ...   0   1   1]
 ...
 [171 162 156 ... 180 187 194]
 [165 157 155 ... 192 197 199]
 [169 160 157 ... 183 189 193]]"
149,"[[ 24  71 116 ...   0   0   0]
 [ 38  87 132 ...   0   0   0]
 [  1   4   0 ...   0   0   0]
 ...
 [  6   6   5 ... 154 137 119]
 [  3   3   3 ... 166 161 148]
 [  5   5   5 ... 152 138 119]]"
150,"[[ 20  67 115 ...   0   0   0]
 [ 33  85 137 ...   0   1   2]
 [  0   2   0 ...   0   1   0]
 ...
 [  2   2   3 ... 157 140 118]
 [  1   4   2 ... 163 163 147]
 [  1   4   2 ... 152 142 120]]"
151,"[[  4  54 104 ...   0   0   0]
 [ 29  82 130 ...   0   0   0]
 [  0   4   1 ...   0   0   0]
 ...
 [  8   6   7 ... 154 138 117]
 [  3   2   2 ... 162 163 150]
 [  7   6   6 ... 151 138 115]]"
152,"[[ 28  78 120 ...  67  29   1]
 [ 32  83 127 ...  68  19   0]
 [  0   0   0 ...   0   0   0]
 ...
 [  2   4   4 ... 161 148 118]
 [  3   3   5 ... 164 164 153]
 [  2   4   4 ... 161 148 118]]"
153,"[[ 42  87 127 ...   0   0   0]
 [ 25  79 128 ...   0   0   0]
 [  0   4   0 ...   0   0   0]
 ...
 [  5   5   5 ... 161 146 128]
 [  2   6   5 ... 159 163 156]
 [  3   7   5 ... 158 150 133]]"
154,"[[ 52 120 168 ...   0   0   0]
 [ 39 106 141 ...   0   0   0]
 [  0   6   0 ...   0   0   0]
 ...
 [ 25  25  24 ... 184 222 255]
 [ 22  23  25 ... 192 227 250]
 [  0   0   1 ...   0   0   3]]"
155,"[[ 17  73 133 ...   0   1   1]
 [ 13  64 127 ...   0   0   0]
 [  0   0   0 ...   1   0   0]
 ...
 [ 28  29  30 ... 197 231 254]
 [ 24  21  25 ... 189 225 255]
 [ 33  30  33 ...  43  82 119]]"
156,"[[ 43 108 164 ...   0   0   0]
 [ 33 106 174 ...   0   0   0]
 [  7   9   0 ...   0   0   0]
 ...
 [ 29  31  33 ...  96 138 172]
 [ 31  25  33 ... 126 173 193]
 [ 50  44  52 ... 168 135 106]]"
157,"[[ 62 121 160 ...  94  54  32]
 [ 71 113 148 ...  98  58  29]
 [  0   0   0 ...   1   1   0]
 ...
 [  0   0   0 ...   0   0   0]
 [  0   0   0 ...   0   0   0]
 [  0   0   0 ...   0   0   0]]"
158,"[[ 72 113 154 ...   0   0   1]
 [ 71 111 145 ...   0   0   0]
 [  0   1   0 ...   1   0   0]
 ...
 [  0   0   0 ...   0   0   0]
 [  0   0   0 ...   0   0   0]
 [  0   0   0 ...   0   0   0]]"
159,"[[ 56  63  55 ... 208 209 221]
 [ 57  61  57 ... 211 223 236]
 [ 57  60  58 ... 213 238 252]
 ...
 [  1   1   1 ... 241 253 253]
 [  2   1   1 ... 248 253 253]
 [  1   1   1 ... 231 238 226]]"
160,"[[ 78 121 158 ...   0   0   0]
 [ 86 122 161 ...   0   0   0]
 [  0   2   0 ...   0   0   0]
 ...
 [ 15  16  17 ...  11  17  23]
 [ 17  17  18 ...  17  19  22]
 [ 15  16  17 ...  12  16  20]]"
161,"[[ 69 118 156 ...   0   0   0]
 [ 74 115 156 ...   0   0   0]
 [  2   5   0 ...   0   0   0]
 ...
 [ 16  17  19 ...  26  27  26]
 [ 16  18  19 ...  23  22  23]
 [ 15  18  19 ...  26  25  26]]"
162,"[[ 59 103 147 ...   0   0   0]
 [ 87 128 172 ...   0   0   0]
 [  0   0   0 ...   0   0   0]
 ...
 [181 184 186 ...  28  29  26]
 [181 182 185 ...  28  26  25]
 [181 184 186 ...  28  29  26]]"
163,"[[ 49  99 143 ...   0   0   0]
 [ 79 127 155 ...   0   0   0]
 [  0   0   0 ...   0   0   0]
 ...
 [175 175 175 ...  24  22  21]
 [174 174 177 ...  24  24  21]
 [175 175 175 ...  24  22  21]]"
164,"[[ 52  57  55 ... 195 195 201]
 [ 52  57  56 ... 195 206 221]
 [ 52  56  58 ... 197 217 242]
 ...
 [  9  11  12 ...  38  40  44]
 [ 14  17  18 ...  40  42  45]
 [ 19  20  18 ...  41  38  38]]"
165,"[[ 84 128 164 ...   0   0   0]
 [ 91 132 165 ...   0   0   0]
 [  0   0   0 ...   0   0   0]
 ...
 [  1  11  37 ... 255 255 254]
 [ 17  47  88 ... 249 250 248]
 [  1  11  37 ... 255 255 254]]"
166,"[[ 82 125 168 ...   0   0   0]
 [ 80 125 165 ...   0   0   0]
 [  0   4   0 ...   0   0   0]
 ...
 [  0   3  19 ... 253 255 252]
 [ 12  31  68 ... 247 246 247]
 [  0   1  24 ... 252 252 253]]"
167,"[[ 90 139 172 ...   0   0   0]
 [ 75 116 153 ...   0   0   0]
 [  0   0   0 ...   0   0   0]
 ...
 [  0   8  34 ... 250 255 255]
 [ 22  55  95 ... 245 245 248]
 [  0   8  34 ... 250 255 255]]"
168,"[[  0  46 112 ...   0   0   0]
 [  4  57 114 ...   0   0   0]
 [  0   0   0 ...   0   0   0]
 ...
 [ 64  64  66 ...  71  70  68]
 [ 65  66  69 ...  64  66  63]
 [  0   0   0 ...   0   0   0]]"
169,"[[ 70 115 160 ...   0   0   0]
 [ 90 132 177 ...   0   0   0]
 [  0   0   0 ...   0   0   0]
 ...
 [ 15  16  17 ...  32  33  33]
 [ 17  19  18 ...  31  31  30]
 [ 16  18  17 ...  32  32  31]]"
170,"[[ 60 110 151 ...   0   0   1]
 [ 92 132 176 ...   1   0   0]
 [  2   0   0 ...   1   1   0]
 ...
 [ 17  18  18 ...  33  33  33]
 [ 17  14  21 ...  32  32  31]
 [ 17  15  21 ...  32  32  31]]"
171,"[[ 74 123 159 ...   0   0   0]
 [ 73 123 158 ...   0   0   0]
 [  0   0   0 ...   0   0   0]
 ...
 [ 21  21  22 ...  35  33  32]
 [ 19  18  19 ...  33  32  32]
 [ 21  21  22 ...  35  33  32]]"
172,"[[ 80 128 172 ...  10   0   1]
 [ 75 117 153 ...  30  10   1]
 [  0   4   0 ...   2   0   0]
 ...
 [ 19  20  21 ...  32  33  33]
 [ 22  21  23 ...  32  33  33]
 [ 21  19  21 ...  32  33  33]]"
173,"[[ 65  68  65 ... 225 237 233]
 [ 66  69  68 ... 232 244 242]
 [ 66  71  71 ... 238 252 252]
 ...
 [  2   1   2 ... 105 110 134]
 [  2   1   1 ... 104 109 130]
 [  2   2   2 ...  90  90  93]]"
174,"[[ 59 105 146 ...  90  46   8]
 [ 74 117 154 ...  83  35   0]
 [  0   1   0 ...   0   2   1]
 ...
 [ 14  14  14 ...  18  18  19]
 [  8   9   9 ...  13  12   9]
 [ 13  13  13 ...  19  18  16]]"
175,"[[ 85 134 173 ...   0   0   0]
 [ 75 126 167 ...   0   0   0]
 [  1   8   0 ...   0   0   0]
 ...
 [  4   5   5 ...  46  43  43]
 [  0   3   4 ...  26  30  33]
 [  2   6   6 ...  41  42  43]]"
176,"[[ 85 130 171 ...   0   0   0]
 [ 73 120 163 ...   0   0   0]
 [  0   2   0 ...   0   0   0]
 ...
 [  0   0   0 ...  37  36  40]
 [  0   0   0 ...  24  26  32]
 [  0   0   0 ...  42  36  37]]"
177,"[[ 65 110 153 ...   0   0   0]
 [ 73 117 158 ...   0   0   0]
 [  4   6   0 ...   0   0   0]
 ...
 [  0   0   0 ...  17  22  22]
 [  0   0   0 ...  16  21  20]
 [  0   0   0 ...  18  22  22]]"
178,"[[ 48  44  42 ... 149 164 162]
 [ 43  40  39 ... 157 171 185]
 [ 39  37  37 ... 165 179 209]
 ...
 [ 21  37  45 ...  73  81  98]
 [ 39  69  90 ...  89  96 112]
 [  8   8   4 ...  44  57  65]]"
179,"[[  3  16  67 ...   0   0   0]
 [  0  48 113 ...   0   0   0]
 [  0   0   2 ...   0   0   0]
 ...
 [173 173 173 ... 157 157 156]
 [176 176 177 ... 158 157 154]
 [183 184 186 ... 159 158 156]]"
180,"[[  0  22  98 ...   0   0   0]
 [  0   8  81 ...   0   0   0]
 [  4   1   5 ...   0   0   0]
 ...
 [174 174 175 ... 158 158 158]
 [169 174 174 ... 155 154 155]
 [188 192 192 ... 161 160 161]]"
181,"[[  2  32  91 ...   0   0   0]
 [  5  52 115 ...   0   0   0]
 [  2   1   0 ...   0   0   0]
 ...
 [171 173 176 ... 149 149 150]
 [166 168 172 ... 157 154 153]
 [  0   0   0 ...   0   0   0]]"
182,"[[  0   1  54 ...   0   0   1]
 [  0  55 116 ...   2   0   0]
 [  0   1   0 ...   0   0   0]
 ...
 [162 163 165 ...  34  34  34]
 [159 162 165 ...  31  31  29]
 [161 164 167 ...  14  14  12]]"
183,"[[  1  22  78 ...   0   0   0]
 [  0  48 104 ...   0   0   0]
 [  0   0   0 ...   0   0   0]
 ...
 [156 157 159 ...  31  30  30]
 [159 159 159 ...  28  29  31]
 [166 165 166 ...  30  30  31]]"
184,"[[  0  36 102 ...   0   0   0]
 [  1  33 105 ...   0   0   0]
 [  0   0   0 ...   0   0   0]
 ...
 [155 157 158 ...  31  30  29]
 [155 162 160 ...  37  37  37]
 [207 209 200 ...  56  56  56]]"
185,"[[  2  28  93 ...   0   0   0]
 [  0  49 102 ...   0   0   0]
 [  2   0   2 ...   0   0   0]
 ...
 [160 160 162 ...  28  27  27]
 [150 152 156 ...  27  27  27]
 [  0   0   0 ...   0   0   0]]"
186,"[[  0   9  59 ...   0   0   0]
 [  2  35  86 ...   0   0   0]
 [  0   1   0 ...   0   0   0]
 ...
 [155 157 160 ...  34  33  32]
 [154 156 160 ...  33  33  33]
 [  0   0   0 ...   0   0   0]]"
187,"[[  1  28  85 ...   0   0   0]
 [  1  29  92 ...   0   0   0]
 [  0   0   0 ...   0   0   0]
 ...
 [158 159 160 ...  32  32  31]
 [159 160 161 ...  29  29  29]
 [  0   0   0 ...   0   0   0]]"
188,"[[ 64 253 238 ...   4   1   1]
 [ 65 253 237 ...   4   1   1]
 [ 64 253 238 ...   4   1   1]
 ...
 [ 61 253 221 ...   0   0   0]
 [ 61 253 222 ...   0   0   0]
 [ 61 253 221 ...   0   0   0]]"
189,"[[ 67 253 244 ...   4   0   1]
 [ 66 253 244 ...   4   0   1]
 [ 67 253 244 ...   4   0   1]
 ...
 [ 64 253 227 ...   1   0   0]
 [ 60 253 228 ...   1   0   0]
 [ 61 253 227 ...   1   0   0]]"
190,"[[ 64 253 239 ...   5   0   1]
 [ 65 253 239 ...   5   0   1]
 [ 64 253 239 ...   5   0   1]
 ...
 [ 62 253 222 ...   0   0   0]
 [ 61 253 221 ...   0   0   0]
 [ 61 253 222 ...   0   0   0]]"
191,"[[ 54  96 136 ...   0   0   0]
 [ 46  92 134 ...   0   0   0]
 [  0   2   0 ...   0   0   0]
 ...
 [  2   2   3 ...  24  24  24]
 [  2   3   4 ...  18  20  18]
 [  2   3   4 ...  23  24  23]]"
192,"[[ 73 114 152 ...  11   0   0]
 [ 53 109 149 ...  11   4   0]
 [  0   0   0 ...   0   0   0]
 ...
 [  9  11  10 ...  28  27  28]
 [  9   9  11 ...  30  30  30]
 [  9  11  10 ...  28  27  28]]"
193,"[[ 87 128 171 ...   8   2   0]
 [ 84 134 181 ...   8   0   1]
 [  2   6   0 ...   0   1   0]
 ...
 [ 14  13  11 ...  32  33  33]
 [ 15  15  14 ...  31  31  31]
 [ 14  14  13 ...  31  31  32]]"
194,"[[  0   1   0 ...   0   0   0]
 [ 75 123 170 ...   0   0   0]
 [  0   4   0 ...   0   0   0]
 ...
 [ 84  88  88 ...  63  73  75]
 [ 76  82  83 ...  35  52  65]
 [ 83  88  86 ...  59  67  75]]"
195,"[[  0   0   0 ...   0   0   0]
 [ 87 133 172 ...   0   0   0]
 [  0   0   0 ...   0   0   0]
 ...
 [ 81  75  71 ...  76  67  50]
 [ 77  71  68 ...  68  67  49]
 [ 81  75  71 ...  76  67  50]]"
196,"[[ 71 115 165 ...   0   0   0]
 [ 79 124 173 ...   0   0   0]
 [  0   2   0 ...   0   0   0]
 ...
 [ 80  70  65 ...  76  69  56]
 [ 77  72  70 ...  70  73  63]
 [ 76  70  67 ...  77  71  55]]"
197,"[[ 67 111 160 ...   0   0   0]
 [ 67 111 154 ...   0   0   0]
 [  0   0   0 ...   0   0   0]
 ...
 [ 25  25  25 ...  18  18  17]
 [ 24  23  23 ...  19  18  15]
 [ 25  24  24 ...  19  18  16]]"
198,"[[ 68 111 152 ...   0   0   0]
 [ 75 119 161 ...   0   0   0]
 [  0   2   0 ...   0   0   0]
 ...
 [ 25  26  27 ...  16  18  18]
 [ 26  25  27 ...  17  19  16]
 [ 26  25  27 ...  16  18  16]]"
199,"[[ 61 111 156 ...  70  35  14]
 [ 74 127 174 ...  62  32  16]
 [  0   2   0 ...   0   0   0]
 ...
 [ 26  26  28 ...  18  19  19]
 [ 25  25  27 ...  17  17  18]
 [ 25  25  27 ...  19  19  20]]"
200,"[[ 28  81 131 ...   0   0   0]
 [ 27  83 134 ...   0   0   0]
 [  2   6   0 ...   0   0   0]
 ...
 [144 145 146 ... 183 184 184]
 [140 144 144 ... 185 189 191]
 [142 146 146 ... 184 186 186]]"
201,"[[ 56 107 139 ...   0   0   0]
 [ 68 120 161 ...   0   0   0]
 [  2   4   0 ...   0   0   0]
 ...
 [ 11  11  11 ...  25  24  23]
 [ 15  14  13 ...  27  27  27]
 [ 13  12  12 ...  25  25  25]]"
202,"[[ 90 135 170 ...   0   0   0]
 [ 93 147 180 ...   0   0   0]
 [  0   0   0 ...   0   0   0]
 ...
 [ 13  13  13 ...  25  26  24]
 [ 13  13  15 ...  25  26  27]
 [ 13  13  13 ...  25  26  24]]"
203,"[[ 91 132 173 ...   1   1   0]
 [ 92 134 179 ...   0   2   3]
 [  0   1   0 ...   2   0   0]
 ...
 [ 12  13  13 ...  25  25  24]
 [ 13  13  13 ...  26  26  24]
 [ 13  13  13 ...  26  26  24]]"
204,"[[ 78 122 160 ...   0   3   0]
 [ 86 136 175 ...   0   0   1]
 [  0   5   0 ...   1   0   3]
 ...
 [ 55  59  58 ...  72  74  75]
 [ 49  51  53 ...  73  74  75]
 [ 54  56  58 ...  73  74  75]]"
205,"[[  4   5   6 ... 249 253 242]
 [ 17  36  53 ... 251 253 248]
 [ 30  67 100 ... 254 254 254]
 ...
 [ 35  46  55 ...  86  86  89]
 [  1   2   6 ...  89  93 106]
 [ 55  94 114 ...  82  82  84]]"
206,"[[ 83 126 166 ...   0   0   0]
 [ 64 110 154 ...   0   0   0]
 [  5   6   0 ...   0   0   0]
 ...
 [ 13  15  16 ...  27  28  28]
 [ 16  19  20 ...  27  27  28]
 [ 14  17  19 ...  27  27  28]]"
207,"[[ 90 130 166 ...   0   0   0]
 [ 93 138 182 ...   0   0   0]
 [  0   5   3 ...   0   0   0]
 ...
 [ 19  18  18 ...  31  30  29]
 [ 16  15  16 ...  31  31  32]
 [ 17  16  17 ...  30  30  31]]"
208,"[[ 79 121 157 ...   0   0   0]
 [ 89 130 173 ...   0   0   0]
 [  0   2   0 ...   0   0   0]
 ...
 [ 14  17  19 ...  28  29  29]
 [ 19  20  16 ...  30  29  29]
 [ 17  19  16 ...  29  28  29]]"
209,"[[ 68  70  72 ...  88  90  91]
 [ 68  70  72 ...  91  95  97]
 [ 66  68  71 ...  93 100 104]
 ...
 [ 13  11  12 ...  72  85  98]
 [ 15  12  13 ...  72  81  90]
 [ 13  10  11 ...  65  68  73]]"
210,"[[64 64 67 ... 87 86 78]
 [65 65 67 ... 92 92 86]
 [66 65 69 ... 95 99 97]
 ...
 [14 14 14 ... 71 84 97]
 [23 23 23 ... 72 78 87]
 [16 15 15 ... 64 64 68]]"
211,"[[ 75 126 163 ...  45  21   9]
 [103 138 175 ...  38  24  18]
 [  1   2   6 ...   2   0   0]
 ...
 [  4   5   6 ... 156 158 158]
 [  5   4   6 ... 152 154 156]
 [  5   4   7 ... 156 157 159]]"
212,"[[ 91 127 170 ...  53  26  13]
 [ 84 125 167 ...  52  22   5]
 [  1   4   0 ...   1   2   3]
 ...
 [  4   5   6 ... 161 158 158]
 [  2   2   2 ... 155 157 158]
 [  4   4   4 ... 161 160 158]]"
213,"[[ 83 131 163 ...   0   0   0]
 [ 90 127 164 ...   0   0   0]
 [  0   1   0 ...   0   0   0]
 ...
 [  2   4   5 ... 160 156 153]
 [  6   7   8 ... 165 161 154]
 [  4   5   6 ... 164 160 153]]"
214,"[[ 80 123 156 ...   0   0   0]
 [ 88 135 176 ...   0   0   0]
 [  5   3   0 ...   0   0   0]
 ...
 [  1   3   5 ... 152 149 148]
 [  1   2   3 ... 149 147 147]
 [  2   3   4 ... 151 149 149]]"
215,"[[ 40  83 128 ...   0   0   0]
 [ 50  89 128 ...   0   0   0]
 [  0   0   0 ...   0   0   0]
 ...
 [  6   8   7 ...  91 103 106]
 [  9   8   5 ... 100  94  91]
 [  8   7   6 ...  92 102 107]]"
216,"[[ 92 129 165 ...   0   0   0]
 [101 150 192 ...   0   0   0]
 [  0   3   0 ...   0   0   0]
 ...
 [ 15  15  15 ... 101 113 122]
 [ 15  11  13 ... 110 117 117]
 [ 17  13  15 ... 103 116 121]]"
217,"[[ 43 101 146 ...   0   0   0]
 [ 51 101 146 ...   0   0   0]
 [  0   0   0 ...   0   0   0]
 ...
 [  0   0   0 ... 127 141 150]
 [  1   0   4 ... 122 142 156]
 [  1   0   0 ... 122 141 152]]"
218,"[[ 60 109 155 ...  51  23   2]
 [ 37  94 140 ...  62  29   9]
 [  0   3   0 ...   0   0   0]
 ...
 [  0  18  41 ... 138 137 130]
 [ 20  48  82 ... 121 126 130]
 [  0  16  44 ... 133 135 135]]"
219,"[[ 49 103 148 ...  34   2   0]
 [ 53 100 143 ...  25   3   0]
 [  0   2   0 ...   0   0   0]
 ...
 [113 113 110 ... 183 179 171]
 [105 109 107 ... 120 139 159]
 [113 114 110 ... 185 180 170]]"
220,"[[ 42  98 148 ...   0   0   0]
 [ 57 108 152 ...   0   0   0]
 [  0   6   0 ...   0   0   0]
 ...
 [ 11  11  12 ...  21  20  20]
 [ 11  12  13 ...  18  17  16]
 [ 11  13  13 ...  20  19  18]]"
221,"[[ 43  91 137 ...   0   0   1]
 [ 61 110 154 ...   3   1   0]
 [  0   6   1 ...   0   1   0]
 ...
 [ 12  11  11 ...  18  18  18]
 [ 10  12  12 ...  18  17  19]
 [ 10  12  12 ...  18  17  19]]"
222,"[[ 42  89 134 ...   0   0   0]
 [ 60 105 145 ...   0   0   0]
 [  0   1   0 ...   0   0   0]
 ...
 [  9  10  11 ...  22  21  20]
 [ 12  14  11 ...  21  21  20]
 [  9  12   9 ...  22  21  19]]"
223,"[[ 69 117 160 ...   0   0   0]
 [ 66 114 155 ...   0   0   0]
 [  0   0   0 ...   0   0   0]
 ...
 [ 10  14  16 ...  25  27  25]
 [ 16  19  17 ...  23  24  24]
 [ 10  14  16 ...  25  27  25]]"
224,"[[ 60  99 140 ...   2   0   0]
 [ 73 118 157 ...   0   0   0]
 [  0   4   2 ...   0   0   1]
 ...
 [ 19  16  10 ...  22  22  21]
 [ 15   9   5 ...  24  23  22]
 [ 21  15  10 ...  23  23  21]]"
225,"[[ 56 107 152 ...   0   0   0]
 [ 78 119 143 ...   0   0   0]
 [  0   0   0 ...   0   0   0]
 ...
 [  0   0   1 ...  26  24  24]
 [  0   0   8 ...  22  23  22]
 [  0   0   1 ...  26  24  24]]"
226,"[[ 54 101 127 ...  68  35  13]
 [ 82 126 154 ...  47  28  10]
 [  0   0   0 ...   0   0   0]
 ...
 [ 14  19  18 ...  27  25  25]
 [ 13  14  14 ...  24  26  23]
 [ 14  19  18 ...  27  25  25]]"
227,"[[ 33  83 131 ...   0   0   0]
 [ 51  98 141 ...   0   0   0]
 [  0   4   0 ...   0   0   0]
 ...
 [  8   8   8 ...   0   0   0]
 [ 10   9   7 ...   0   0   0]
 [ 10   9   7 ...   0   0   0]]"
228,"[[ 37  90 136 ...   0   0   0]
 [ 34  87 133 ...   0   0   0]
 [  0   4   0 ...   0   0   0]
 ...
 [ 12  13  13 ...   0   0   0]
 [ 10   9   7 ...   0   0   0]
 [ 12  12  11 ...   0   0   0]]"
229,"[[ 33  84 129 ...  37  14   2]
 [ 43  99 149 ...  19   6   0]
 [  0   2   0 ...   1   2   1]
 ...
 [ 10  10  10 ...   0   0   0]
 [  9  10   8 ...   0   0   0]
 [ 11  12  10 ...   0   0   0]]"
230,"[[ 10  57 105 ...   0   0   2]
 [  9  62 116 ...   0   0   0]
 [  0   2   0 ...   0   2   1]
 ...
 [160 156 153 ...  55  28  16]
 [160 157 150 ...  81  51  35]
 [159 156 151 ...  57  30  16]]"
231,"[[ 32  91 141 ...   0   0   2]
 [ 38  92 140 ...   1   3   1]
 [  2   3   0 ...   0   2   0]
 ...
 [ 19  13   8 ...  26  22  15]
 [  0   5  14 ...  31  20  13]
 [ 17  14   9 ...  29  20  14]]"
232,"[[ 13  64 111 ...   0   0   0]
 [ 14  66 114 ...   0   0   0]
 [  0   2   0 ...   0   0   0]
 ...
 [172 170 164 ...  39  33  25]
 [175 173 166 ...  50  39  25]
 [174 172 165 ...  43  36  25]]"
233,"[[ 50 104 141 ...   0   0   0]
 [ 47 102 145 ...   0   0   0]
 [  0   0   0 ...   0   0   0]
 ...
 [ 13  12  14 ...  24  23  22]
 [ 15  15  17 ...  22  22  20]
 [ 13  12  14 ...  24  23  22]]"
234,"[[ 53 106 138 ...   0   0   0]
 [ 38  95 139 ...   0   0   0]
 [  0   0   0 ...   0   0   0]
 ...
 [ 15  17  18 ...  22  23  23]
 [ 15  19  17 ...  22  21  21]
 [ 15  17  18 ...  22  23  23]]"
235,"[[ 48 105 157 ...   0   0   0]
 [ 46  98 146 ...   0   0   0]
 [  0   2   0 ...   0   0   0]
 ...
 [ 13  15  17 ...  23  22  22]
 [ 14  14  17 ...  22  21  20]
 [ 14  14  17 ...  23  22  20]]"
236,"[[ 40  88 133 ...   0   0   2]
 [ 52 104 147 ...   2   1   0]
 [  0   5   2 ...   1   2   0]
 ...
 [ 16  16  16 ...  24  24  24]
 [ 19  19  19 ...  22  22  22]
 [ 17  17  17 ...  23  23  23]]"
237,"[[ 52  93 129 ...   0   0   0]
 [ 49 100 147 ...   0   0   0]
 [  0   2   0 ...   0   0   0]
 ...
 [ 17  17  17 ...  22  23  23]
 [ 15  15  15 ...  23  23  22]
 [ 17  17  17 ...  23  23  22]]"
238,"[[ 48  97 140 ...   0   0   0]
 [ 48 100 146 ...   0   0   0]
 [  0   0   0 ...   0   0   0]
 ...
 [106  88  76 ...  96  65  37]
 [ 92  78  66 ...  86  54  27]
 [105  90  77 ...  97  64  37]]"
239,"[[ 38  99 151 ...   0   0   1]
 [ 41  98 148 ...   1   1   0]
 [  0   0   0 ...   0   2   1]
 ...
 [102  96  95 ... 106  66  39]
 [ 97  85  74 ... 112  80  50]
 [105  96  88 ... 106  71  40]]"
240,"[[ 46 101 144 ...   0   0   0]
 [ 38  89 134 ...   1   2   0]
 [  1   4   0 ...   0   1   1]
 ...
 [100  86  77 ...  92  54  26]
 [ 88  75  62 ... 109  78  39]
 [101  89  76 ...  92  58  20]]"
241,"[[ 48  98 144 ...   0   0   0]
 [ 32  83 131 ...   0   0   0]
 [  0   3   0 ...   0   0   0]
 ...
 [ 59  57  55 ...  66  33  10]
 [ 63  66  66 ...  85  47  15]
 [ 58  59  58 ...  68  34   5]]"
242,"[[ 65 253 240 ...   2   0   0]
 [ 65 253 240 ...   2   0   0]
 [ 65 253 243 ...   2   0   0]
 ...
 [ 62 253 229 ...   1   0   0]
 [ 61 253 225 ...   1   0   0]
 [ 62 253 225 ...   1   0   0]]"
243,"[[ 63 253 240 ...   3   0   0]
 [ 64 253 241 ...   3   1   0]
 [ 63 253 240 ...   3   0   0]
 ...
 [ 63 253 227 ...   1   0   0]
 [ 60 253 227 ...   1   0   0]
 [ 61 253 227 ...   1   0   0]]"
244,"[[ 65 253 243 ...   2   2   0]
 [ 64 253 242 ...   2   2   0]
 [ 64 253 243 ...   2   2   0]
 ...
 [ 61 253 226 ...   0   0   0]
 [ 62 253 226 ...   0   0   0]
 [ 61 253 226 ...   0   0   0]]"
245,"[[  7  68 117 ...   0   0   0]
 [ 41 107 168 ...   0   0   0]
 [  6   5   0 ...   0   0   0]
 ...
 [ 73  73  72 ...  75  73  72]
 [ 76  76  76 ...  72  72  71]
 [  1   1   1 ...   0   0   0]]"
246,"[[ 41 107 165 ...   0   0   0]
 [ 37 101 149 ...   0   0   0]
 [  0   1   0 ...   0   0   0]
 ...
 [ 71  72  73 ...  77  73  70]
 [ 76  76  76 ...  74  73  73]
 [  0   0   0 ...   0   0   0]]"
247,"[[ 26  98 159 ...   0   0   0]
 [  9  67 129 ...   0   0   0]
 [  2   2   1 ...   0   0   0]
 ...
 [ 80  80  80 ...  79  78  78]
 [ 74  76  79 ...  79  78  75]
 [ 92  94  97 ...  98  97  94]]"
248,"[[ 83 131 163 ...   0   0   0]
 [ 97 141 175 ...   0   0   0]
 [  2   0   0 ...   0   0   0]
 ...
 [ 24  24  25 ...  41  41  41]
 [ 21  22  23 ...  37  41  41]
 [ 23  24  25 ...  41  44  43]]"
249,"[[ 37  81 121 ...   0   0   0]
 [ 46  87 123 ...   0   0   0]
 [  1   5   0 ...   0   0   1]
 ...
 [ 12  12  12 ...  20  24  28]
 [ 15  13  10 ...  20  21  21]
 [ 13  12  12 ...  21  24  24]]"
250,"[[ 55 103 147 ...   0   0   0]
 [ 71 116 155 ...   0   0   0]
 [  0   0   0 ...   0   0   0]
 ...
 [ 16  15  18 ...  26  26  24]
 [ 15  14  14 ...  27  30  27]
 [ 16  15  18 ...  26  26  24]]"
251,"[[ 94 138 182 ...   1   0   1]
 [ 94 140 183 ...   0   0   3]
 [  1   5   0 ...   0   3   1]
 ...
 [ 22  22  22 ...  39  39  34]
 [ 22  22  22 ...  39  43  38]
 [ 22  22  22 ...  38  41  36]]"
252,"[[ 62 105 151 ...   0   0   0]
 [ 88 126 168 ...   0   0   0]
 [  0   4   0 ...   0   0   0]
 ...
 [ 30  32  36 ...  21  30  33]
 [ 25  27  32 ...  23  31  30]
 [ 30  31  36 ...  21  31  31]]"
253,"[[ 71 111 151 ...   0   0   0]
 [ 84 122 164 ...   0   0   0]
 [  0   2   0 ...   0   0   0]
 ...
 [ 16  20  25 ...  32  34  39]
 [ 27  30  34 ...  29  33  36]
 [ 19  23  27 ...  29  34  38]]"
254,"[[ 84 138 179 ...   0   0   0]
 [ 87 139 180 ...   2   2   0]
 [  0   2   0 ...   0   2   0]
 ...
 [ 35  38  42 ... 119 104  80]
 [ 25  26  27 ... 124 110  89]
 [ 34  36  39 ... 119 105  82]]"
255,"[[ 88 124 164 ...   0   0   0]
 [110 157 199 ...   0   0   0]
 [  0   4   0 ...   0   0   0]
 ...
 [ 29  29  34 ... 104  90  74]
 [ 19  20  22 ... 124 111  88]
 [ 28  30  36 ... 106  94  73]]"
256,"[[ 84 130 162 ...  72  39  22]
 [ 82 118 155 ...  74  33  11]
 [  0   3   0 ...   0   0   1]
 ...
 [ 21  25  24 ... 169 156 136]
 [ 21  23  18 ... 166 149 128]
 [ 18  22  20 ... 169 155 136]]"
257,"[[ 71 115 157 ...  43  20   8]
 [ 76 125 170 ...  38  13   2]
 [  0   3   0 ...   0   0   0]
 ...
 [ 19  18  18 ...  36  33  30]
 [ 20  19  18 ...  37  35  34]
 [ 19  18  18 ...  35  33  32]]"
258,"[[ 70 118 162 ...   0   0   0]
 [ 81 131 175 ...   0   0   0]
 [  0   2   0 ...   0   0   0]
 ...
 [ 17  16  16 ...  34  32  31]
 [ 17  16  17 ...  33  32  30]
 [ 17  16  17 ...  34  33  31]]"
259,"[[ 80 130 163 ...  22   0   0]
 [ 77 123 160 ...  15   0   0]
 [  0   0   0 ...   0   0   0]
 ...
 [ 19  19  21 ...  36  32  30]
 [ 20  20  20 ...  34  33  30]
 [ 19  19  21 ...  36  32  30]]"
260,"[[ 71 123 160 ...   0   0   0]
 [ 64 110 154 ...   0   0   0]
 [  0   0   0 ...   0   0   0]
 ...
 [ 15  16  16 ...  34  37  39]
 [ 17  20  19 ...  32  35  33]
 [ 15  18  17 ...  34  38  37]]"
261,"[[ 35 104 156 ...   0   0   0]
 [ 45 123 164 ...   0   0   0]
 [  0   0   0 ...   0   0   0]
 ...
 [ 33  30  22 ... 232 234 233]
 [ 28  26  12 ... 226 228 235]
 [  0   0   0 ...   0   0   0]]"
262,"[[  0  34  95 ...   0   0   0]
 [  3  51 120 ...   0   0   0]
 [  0   0   0 ...   0   0   0]
 ...
 [170 171 174 ...  31  34  33]
 [169 171 174 ...  30  31  26]
 [176 177 179 ...  31  34  31]]"
263,"[[  0  34  97 ...   0   0   0]
 [  2  44 110 ...   0   0   0]
 [  0   0   1 ...   0   0   0]
 ...
 [167 170 174 ...  33  33  33]
 [165 166 168 ...  26  28  30]
 [211 210 211 ... 118 146 163]]"
264,"[[ 12  64 117 ...   0   0   0]
 [  2  56 119 ...   0   0   0]
 [  2   0   0 ...   0   0   0]
 ...
 [172 173 175 ...  24  24  24]
 [169 168 171 ...  32  32  32]
 [ 28  27  28 ...   0   0   0]]"
265,"[[  2  38 100 ...   0   0   0]
 [  0  43 109 ...   0   0   0]
 [  5   0   0 ...   0   0   0]
 ...
 [174 173 173 ...  33  33  32]
 [168 170 172 ...  32  29  31]
 [214 215 216 ... 123 129 136]]"
266,"[[ 75 121 158 ...   0   0   0]
 [ 59 114 162 ...   0   0   0]
 [  0   0   0 ...   0   0   0]
 ...
 [ 13  16  15 ...  31  30  29]
 [ 12  12   9 ...  27  24  25]
 [ 13  16  15 ...  31  30  29]]"
267,"[[ 92 133 172 ...  98  62  39]
 [ 84 131 173 ...  81  45  27]
 [  0   5   0 ...   0   0   1]
 ...
 [ 13  14  16 ...  27  27  27]
 [ 10  14  13 ...  23  26  24]
 [ 12  16  15 ...  24  27  25]]"
268,"[[ 73 253 254 ...   2   1   0]
 [ 73 253 254 ...   2   1   0]
 [ 73 253 254 ...   2   1   0]
 ...
 [ 72 253 253 ...   2   1   2]
 [ 72 253 253 ...   2   1   0]
 [ 72 253 253 ...   2   1   2]]"
269,"[[ 74 253 254 ...   3   1   0]
 [ 74 253 254 ...   3   1   0]
 [ 74 253 254 ...   3   1   0]
 ...
 [ 72 253 253 ...   2   1   0]
 [ 72 253 253 ...   2   0   0]
 [ 72 253 253 ...   2   1   0]]"
270,"[[ 73 253 254 ...   3   1   0]
 [ 73 253 254 ...   3   1   0]
 [ 73 253 254 ...   3   1   0]
 ...
 [ 72 253 253 ...   0   0   0]
 [ 72 253 253 ...   0   0   0]
 [ 72 253 253 ...   0   0   0]]"
271,"[[ 15  68 121 ...   0   0   0]
 [ 22  81 129 ...   0   0   0]
 [  0   0   0 ...   0   0   0]
 ...
 [ 21  19  23 ...  16  16  17]
 [ 20  21  22 ...  15  16  16]
 [ 21  19  23 ...  16  16  17]]"
272,"[[ 22  74 124 ... 119  74  42]
 [ 22  70 121 ...  92  54  33]
 [  2   2   0 ...   0   0   4]
 ...
 [ 20  20  20 ...  16  16  18]
 [ 19  16  18 ...  16  16  17]
 [ 21  18  20 ...  17  17  18]]"
273,"[[ 31  87 137 ...  76  32   0]
 [  8  62 112 ... 102  56  21]
 [  0   1   0 ...   2   0   0]
 ...
 [ 17  19  20 ...  14  15  16]
 [ 18  18  20 ...  16  17  19]
 [ 17  18  19 ...  15  15  17]]"
274,"[[ 45  99 137 ...   0   0   0]
 [ 54 112 156 ...   0   0   0]
 [  0   0   0 ...   0   0   0]
 ...
 [  0   2   4 ...  17  18  16]
 [  4   6   6 ...  16  18  18]
 [  0   2   4 ...  17  18  16]]"
275,"[[ 59 112 147 ...   0   0   0]
 [ 55 111 151 ...   0   0   0]
 [  0   0   0 ...   0   0   0]
 ...
 [  0   2   4 ...  15  14  18]
 [  1   4   8 ...  18  16  17]
 [  0   2   4 ...  15  14  18]]"
276,"[[ 42  93 139 ...   0   0   0]
 [ 45 101 150 ...   0   0   0]
 [  0   5   1 ...   0   0   0]
 ...
 [  2   4   6 ...  16  16  17]
 [  3   6   9 ...  21  19  18]
 [  3   5   8 ...  17  16  15]]"
277,"[[ 52 101 142 ...  14   6   0]
 [ 45  98 139 ...  11   0   0]
 [  0   0   0 ...   0   0   0]
 ...
 [  0   2   4 ...  16  17  15]
 [  2   2   4 ...  15  16  14]
 [  0   2   4 ...  16  17  15]]"
278,"[[ 44  89 134 ...   0   0   0]
 [ 46 100 151 ...   0   0   0]
 [  0   5   0 ...   0   0   0]
 ...
 [  1   3   5 ...  17  15  14]
 [  4   3   3 ...  19  16  18]
 [  2   2   3 ...  18  15  17]]"
279,"[[ 92 132 173 ...   0   0   0]
 [ 96 143 181 ...   0   0   0]
 [  0   0   0 ...   0   0   0]
 ...
 [ 16  18  20 ...  32  32  33]
 [ 17  17  19 ...  36  36  34]
 [ 16  18  20 ...  32  32  33]]"
280,"[[ 94 132 175 ...   0   0   0]
 [103 131 168 ...   0   0   0]
 [  0   0   0 ...   0   0   0]
 ...
 [ 16  16  16 ...  33  33  33]
 [ 18  19  16 ...  33  32  35]
 [ 16  17  14 ...  33  32  35]]"
281,"[[ 88 127 147 ...   0   0   0]
 [ 99 134 166 ...   0   0   0]
 [  0   0   0 ...   0   0   0]
 ...
 [ 18  22  22 ...  36  36  33]
 [ 19  18  18 ...  36  34  32]
 [ 18  22  22 ...  36  36  33]]"
282,"[[ 86 135 167 ...   0   0   0]
 [ 63 114 150 ...   0   0   0]
 [  0   0   0 ...   0   0   0]
 ...
 [ 14  16  18 ...  26  28  28]
 [ 17  18  19 ...  27  29  27]
 [ 14  16  18 ...  26  28  28]]"
283,"[[ 98 137 172 ...   0   0   0]
 [ 83 121 162 ...   0   0   0]
 [  2   7   2 ...   0   0   0]
 ...
 [ 16  19  19 ...  28  27  26]
 [ 16  19  19 ...  28  28  27]
 [ 16  19  19 ...  28  28  27]]"
284,"[[ 63 114 157 ...   6   3   0]
 [ 94 130 170 ...   0   0   1]
 [  0   0   0 ...   1   0   1]
 ...
 [ 16  17  17 ...  28  29  28]
 [ 18  18  20 ...  24  28  26]
 [ 17  16  18 ...  25  30  28]]"
285,"[[ 70 112 153 ...   0   0   0]
 [ 85 127 167 ...   0   0   0]
 [  0   4   1 ...   0   0   0]
 ...
 [ 20  20  20 ...  26  26  26]
 [ 18  19  20 ...  26  26  26]
 [ 19  19  19 ...  26  25  26]]"
286,"[[ 84 118 148 ...   0   0   0]
 [ 88 128 166 ...   0   0   0]
 [  1   7   0 ...   0   0   0]
 ...
 [ 16  17  19 ...  27  27  27]
 [ 18  19  20 ...  27  29  27]
 [ 17  18  19 ...  26  28  26]]"
287,"[[ 50  54  52 ...  84  87  86]
 [ 50  53  53 ...  84  92  98]
 [ 49  53  54 ...  86  97 109]
 ...
 [  2   2   1 ... 239 253 253]
 [  1   1   1 ... 242 254 254]
 [  2   1   1 ... 222 219 218]]"
288,"[[ 47 100 136 ...   0   0   0]
 [ 58 107 145 ...   0   0   0]
 [  0   0   0 ...   0   0   0]
 ...
 [ 39  38  41 ... 191 187 184]
 [ 39  38  38 ... 185 189 189]
 [ 39  38  41 ... 191 187 184]]"
289,"[[ 75 125 158 ...  66  20   0]
 [ 66 116 153 ...  80  40   2]
 [  0   0   0 ...   0   0   0]
 ...
 [ 41  40  40 ... 188 189 186]
 [ 34  37  35 ... 186 184 184]
 [ 41  40  40 ... 188 189 186]]"
290,"[[ 53 101 130 ...   0   0   0]
 [ 58 112 142 ...   0   0   0]
 [  0   0   0 ...   0   0   0]
 ...
 [ 37  38  41 ... 188 187 183]
 [ 41  39  41 ... 185 187 189]
 [ 37  38  41 ... 188 187 183]]"
291,"[[ 57 107 149 ... 104  55  23]
 [ 75 113 142 ... 110  60  28]
 [  0   4   2 ...   4   2   1]
 ...
 [ 34  37  40 ... 189 191 185]
 [ 39  40  40 ... 186 187 182]
 [ 36  38  38 ... 187 188 183]]"
292,"[[ 69 116 152 ...   0   0   1]
 [ 49  98 144 ...   1   1   0]
 [  1   2   0 ...   0   0   0]
 ...
 [ 37  38  39 ... 184 182 185]
 [ 38  38  39 ... 184 183 185]
 [ 38  38  39 ... 184 183 185]]"
293,"[[ 88 126 167 ...   0   0   0]
 [ 88 127 170 ...   0   0   0]
 [  0   1   0 ...   0   0   0]
 ...
 [ 13  12  13 ...  67  68  69]
 [ 11  11   9 ...  68  67  69]
 [ 11  12  10 ...  68  67  69]]"
294,"[[ 96 137 172 ...   0   0   2]
 [ 90 129 166 ...   1   2   0]
 [  1   5   0 ...   2   0   0]
 ...
 [ 10  11  11 ...  67  67  67]
 [ 11  12  13 ...  67  69  66]
 [ 13  12  12 ...  67  69  66]]"
295,"[[ 88 126 168 ...   0   0   0]
 [ 94 132 172 ...   0   0   0]
 [  0   3   0 ...   0   0   0]
 ...
 [ 12  11  10 ...  66  66  66]
 [ 12  11  10 ...  66  66  64]
 [ 12  11  10 ...  66  67  66]]"
296,"[[ 96 133 166 ...   0   0   0]
 [ 91 141 183 ...   0   0   0]
 [  0   0   0 ...   0   0   0]
 ...
 [  8  11   8 ...  92  65  36]
 [  7   8   7 ...  65  34  26]
 [  8  11   8 ...  92  65  36]]"
297,"[[ 81 117 151 ...   0   0   2]
 [ 80 118 156 ...   2   0   0]
 [  0   5   0 ...   4   0   0]
 ...
 [  5   6   7 ...  98 105 114]
 [  8   7   8 ... 114 122 108]
 [  7   6   7 ...  93 108 111]]"
298,"[[ 85 118 152 ...   1   1   0]
 [ 74 116 156 ...   3   0   0]
 [  2   6   0 ...   0   0   1]
 ...
 [  8   9   9 ... 128 111  83]
 [  6   5   7 ... 126 104  68]
 [  8   7   9 ... 127 114  85]]"
299,"[[ 83 125 171 ...   9   0   0]
 [ 77 122 166 ...  11   2   0]
 [  1   2   0 ...   0   0   0]
 ...
 [  7   8   8 ... 108  84  52]
 [  8  10   7 ...  92  62  26]
 [  6   8   7 ... 106  83  50]]"
300,"[[ 91 128 163 ...   0   0   0]
 [ 82 118 158 ...   0   0   0]
 [  2   6   0 ...   0   0   0]
 ...
 [  6   6   6 ... 112 100  78]
 [ 10  10  12 ... 103  81  52]
 [  5   6   7 ... 111  98  75]]"
